{
	"partitions" : [
		{
			"name" : "Top",
			"pins" : [
				{
					"name" : "servo",
					"strict" : false
				},
				{
					"name" : "pos[4]",
					"strict" : false
				},
				{
					"name" : "pos[5]",
					"strict" : false
				},
				{
					"name" : "pos[6]",
					"strict" : false
				},
				{
					"name" : "pos[3]",
					"strict" : false
				},
				{
					"name" : "pos[2]",
					"strict" : false
				},
				{
					"name" : "pos[1]",
					"strict" : false
				},
				{
					"name" : "pos[0]",
					"strict" : false
				},
				{
					"name" : "clk",
					"strict" : false
				},
				{
					"name" : "reset",
					"strict" : false
				}
			]
		}
	]
}