{
	"system" : {
		"platform" : "windows64",
		"os_name" : "Windows 10",
		"os_version" : "10.0"
	},
	"error" : {
		"executable" : "quartus",
		"comment" : "not_applicable",
		"error_message" : "Access Violation at 0X0000000062A08AFD",
		"source_file" : "unknown",
		"line" : "0",
		"stack_trace" : "\t 0x62a08afc: QtGui4 + 0x3a8afc (?subWindowList@QMdiArea@@QEBA?AV?$QList@PEAVQMdiSubWindow@@@@W4WindowOrder@1@@Z + 0x2bc)\n\t 0x62a06085: QtGui4 + 0x3a6085 (?qt_metacast@QMdiArea@@UEAAPEAXPEBD@Z + 0x3e5)\n\t 0x62a07210: QtGui4 + 0x3a7210 (?resizeEvent@QMdiArea@@MEAAXPEAVQResizeEvent@@@Z + 0x240)\n\t 0x626c0bcd: QtGui4 + 0x60bcd (?event@QWidget@@MEAA_NPEAVQEvent@@@Z + 0x50d)\n\t 0x629e2676: QtGui4 + 0x382676 (?event@QFrame@@MEAA_NPEAVQEvent@@@Z + 0x36)\n\t 0x6310f802: QtCore4 + 0x10f802 (?sendThroughObjectEventFilters@QCoreApplicationPrivate@@QEAA_NPEAVQObject@@PEAVQEvent@@@Z + 0x82)\n\t 0x62682e81: QtGui4 + 0x22e81 (?notify_helper@QApplicationPrivate@@QEAA_NPEAVQObject@@PEAVQEvent@@@Z + 0xe1)\n\t 0x62682b2f: QtGui4 + 0x22b2f (?notify@QApplication@@UEAA_NPEAVQObject@@PEAVQEvent@@@Z + 0x17bf)\n\t 0x6310d92b: QtCore4 + 0x10d92b (?notifyInternal@QCoreApplication@@AEAA_NPEAVQObject@@PEAVQEvent@@@Z + 0x7b)\n\t 0x626f89b6: QtGui4 + 0x989b6 (?setGeometry_sys@QWidgetPrivate@@QEAAXHHHH_N@Z + 0xa76)\n\t 0x626cc270: QtGui4 + 0x6c270 (?setGeometry@QWidget@@QEAAXAEBVQRect@@@Z + 0xb0)\n\t 0x62a540f0: QtGui4 + 0x3f40f0 (?layoutChildren@QAbstractScrollAreaPrivate@@QEAAXXZ + 0x5e0)\n\t 0x62a098c7: QtGui4 + 0x3a98c7 (?currentPlatform@QApplicationPrivate@@SAIXZ + 0x917)\n\t 0x62a08fff: QtGui4 + 0x3a8fff (?currentPlatform@QApplicationPrivate@@SAIXZ + 0x4f)\n\t 0x62a09b0a: QtGui4 + 0x3a9b0a (?viewportEvent@QMdiArea@@MEAA_NPEAVQEvent@@@Z + 0x17a)\n\t 0x6310f802: QtCore4 + 0x10f802 (?sendThroughObjectEventFilters@QCoreApplicationPrivate@@QEAA_NPEAVQObject@@PEAVQEvent@@@Z + 0x82)\n\t 0x62682e81: QtGui4 + 0x22e81 (?notify_helper@QApplicationPrivate@@QEAA_NPEAVQObject@@PEAVQEvent@@@Z + 0xe1)\n\t 0x62682b2f: QtGui4 + 0x22b2f (?notify@QApplication@@UEAA_NPEAVQObject@@PEAVQEvent@@@Z + 0x17bf)\n\t 0x6310d92b: QtCore4 + 0x10d92b (?notifyInternal@QCoreApplication@@AEAA_NPEAVQObject@@PEAVQEvent@@@Z + 0x7b)\n\t 0x62a0b511: QtGui4 + 0x3ab511 (?closeEvent@QMdiSubWindow@@MEAAXPEAVQCloseEvent@@@Z + 0xa1)\n\t0x7ff80c4ce5e2: SYS_QUI + 0x3e5e2 (?closeEvent@QUI_MDI_SUB_WND@@MEAAXPEAVQCloseEvent@@@Z + 0x182)\n\t 0x626c0be1: QtGui4 + 0x60be1 (?event@QWidget@@MEAA_NPEAVQEvent@@@Z + 0x521)\n\t 0x62682e95: QtGui4 + 0x22e95 (?notify_helper@QApplicationPrivate@@QEAA_NPEAVQObject@@PEAVQEvent@@@Z + 0xf5)\n\t 0x62682b2f: QtGui4 + 0x22b2f (?notify@QApplication@@UEAA_NPEAVQObject@@PEAVQEvent@@@Z + 0x17bf)\n\t 0x6310d92b: QtCore4 + 0x10d92b (?notifyInternal@QCoreApplication@@AEAA_NPEAVQObject@@PEAVQEvent@@@Z + 0x7b)\n\t 0x626be260: QtGui4 + 0x5e260 (?close_helper@QWidgetPrivate@@QEAA_NW4CloseMode@1@@Z + 0xb0)\n\t0x7ff80c4b48b5: SYS_QUI + 0x248b5 (?close_all_in_list@QUI_FRAME_WND@@IEAA_NV?$QList@PEAVQMdiSubWindow@@@@PEAVQMdiSubWindow@@U_GUID@@@Z + 0x215)\n\t0x7ff80c4b4a02: SYS_QUI + 0x24a02 (?close_all_windows@QUI_FRAME_WND@@QEAA_NU_GUID@@@Z + 0x102)\n\t0x7ff80c4b45a1: SYS_QUI + 0x245a1 (?closeEvent@QUI_FRAME_WND@@MEAAXPEAVQCloseEvent@@@Z + 0x1e1)\n\t 0x626c0be1: QtGui4 + 0x60be1 (?event@QWidget@@MEAA_NPEAVQEvent@@@Z + 0x521)\n\t 0x629f9d30: QtGui4 + 0x399d30 (?event@QMainWindow@@MEAA_NPEAVQEvent@@@Z + 0x280)\n\t 0x62682e95: QtGui4 + 0x22e95 (?notify_helper@QApplicationPrivate@@QEAA_NPEAVQObject@@PEAVQEvent@@@Z + 0xf5)\n\t 0x62682b2f: QtGui4 + 0x22b2f (?notify@QApplication@@UEAA_NPEAVQObject@@PEAVQEvent@@@Z + 0x17bf)\n\t 0x6310d92b: QtCore4 + 0x10d92b (?notifyInternal@QCoreApplication@@AEAA_NPEAVQObject@@PEAVQEvent@@@Z + 0x7b)\n\t 0x626be260: QtGui4 + 0x5e260 (?close_helper@QWidgetPrivate@@QEAA_NW4CloseMode@1@@Z + 0xb0)\n\t 0x6267bce2: QtGui4 + 0x1bce2 (?commitData@QApplication@@UEAAXAEAVQSessionManager@@@Z + 0x112)\n\t 0x626e70ed: QtGui4 + 0x870ed (?winMouseButtonUp@QApplication@@SAXXZ + 0x79d)\n\t0x7ff866ed5c0c: USER32 + 0x15c0c (CallWindowProcW + 0x3bc)\n\t0x7ff866ed57db: USER32 + 0x157db (DispatchMessageW + 0x3cb)\n\t0x7ff866ee1f72: USER32 + 0x21f72 (IsWindowVisible + 0x1a2)\n\t0x7ff8674ffde3: ntdll + 0x9fde3 (KiUserCallbackDispatcher + 0x23)\n\t0x7ff8650a1183: win32u + 0x1183 (NtUserMessageCall + 0x13)\n\t0x7ff866ed4369: USER32 + 0x14369 (GetWindowTextW + 0x829)\n\t0x7ff866ed4012: USER32 + 0x14012 (GetWindowTextW + 0x4d2)\n\t 0x62b5bbf7: QtGui4 + 0x4fbbf7 (?widgetDestroyed@QInputContext@@UEAAXPEAVQWidget@@@Z + 0x307)\n\t 0x626e7915: QtGui4 + 0x87915 (?winMouseButtonUp@QApplication@@SAXXZ + 0xfc5)\n\t0x7ff866ed5c0c: USER32 + 0x15c0c (CallWindowProcW + 0x3bc)\n\t0x7ff866ed57db: USER32 + 0x157db (DispatchMessageW + 0x3cb)\n\t0x7ff866ee1f72: USER32 + 0x21f72 (IsWindowVisible + 0x1a2)\n\t0x7ff8674ffde3: ntdll + 0x9fde3 (KiUserCallbackDispatcher + 0x23)\n\t0x7ff8650a10c3: win32u + 0x10c3 (NtUserPeekMessage + 0x13)\n\t0x7ff866ed94e1: USER32 + 0x194e1 (PeekMessageW + 0x1e1)\n\t0x7ff866ed9448: USER32 + 0x19448 (PeekMessageW + 0x148)\n\t 0x63132663: QtCore4 + 0x132663 (?processEvents@QEventDispatcherWin32@@UEAA_NV?$QFlags@W4ProcessEventsFlag@QEventLoop@@@@@Z + 0x243)\n\t 0x626e0eb4: QtGui4 + 0x80eb4 (?openPopup@QApplicationPrivate@@QEAAXPEAVQWidget@@@Z + 0x204)\n\t 0x6310a88b: QtCore4 + 0x10a88b (?exec@QEventLoop@@QEAAHV?$QFlags@W4ProcessEventsFlag@QEventLoop@@@@@Z + 0x22b)\n\t 0x6310ce6f: QtCore4 + 0x10ce6f (?exec@QCoreApplication@@SAHXZ + 0xdf)\n\t0x7ff671bc197b: quartus + 0x197b (?qgq_main@@YAHHPEAPEBD@Z + 0x7b)\n\t0x7ff855922e98: CCL_MSG + 0x12e98 (?msg_main_thread@@YAPEAXPEAX@Z + 0x18)\n\t0x7ff85592467e: CCL_MSG + 0x1467e (?msg_thread_wrapper@@YAPEAXP6APEAXPEAX@Z0@Z + 0x6e)\n\t0x7ff855a26660: ccl_mem + 0x16660 (?mem_thread_wrapper@@YAPEAXP6APEAXPEAX@Z0@Z + 0x70)\n\t0x7ff855922761: CCL_MSG + 0x12761 (?msg_exe_main@@YAHHPEAPEBDP6AHH0@Z@Z + 0xa1)\n\t0x7ff671bc24e7: quartus + 0x24e7 (WinMain + 0x127)\n\t0x7ff671bc1e58: quartus + 0x1e58 (__tmainCRTStartup + 0x148)\n\t0x7ff866ae7bd3: KERNEL32 + 0x17bd3 (BaseThreadInitThunk + 0x13)\n\t0x7ff8674cce50: ntdll + 0x6ce50 (RtlUserThreadStart + 0x20)\n",
		"subsystem" : "unknown"
	},
	"quartus" : {
		"quartus_bits" : "64",
		"version" : "18.1.0",
		"build" : "625",
		"edition" : "Lite Edition"
	}
}